Descripcion,Marca,Compra Total,Ingreso Total,Pendiente,Estado,Fecha,Año
ESPATULA PINTOR LAMINADA CABO PLASTICO - 50 MM,BIASSONI,36,,36.0,INCOMPLETO,F. 29-1-2026,2026
AEROSOL SMART PAINT AA BLANCO BRILLANTE  350ML/250G,DOBLE A - AE,72,72.0,0.0,FULL,F. 29-1-2026,2026
PANTALON CARGO DEL NORTE MUJER - PAMPERO VERDE  TALLE 42,PAMPERO,2,,2.0,INCOMPLETO,F. 29-1-2026,2026
REGULADOR GLP C/1 MAN. (PROP. Y OTROS),FERROLAN,15,15.0,0.0,FULL,F. 29-1-2026,2026
AEROSOL USO GENERAL NEGRO MATE 250 GR,TEKBOND,60,,60.0,INCOMPLETO,F. 29-1-2026,2026
"DISCO ""FENOBOND"" 115X22  36",DOBLE A - LIJ,2000,1000.0,1000.0,PARCIAL,F. 29-1-2026,2026
AEROSOL SMART PAINT AA ROJO  350 ML/250G,DOBLE A - AE,72,58.0,14.0,PARCIAL,F. 29-1-2026,2026
BALDE PLASTICO 12 LTS. CON PICO,SINA,60,3.0,57.0,PARCIAL,F. 29-1-2026,2026
TRAPO DE PISO GRIS 48 X 62 APROX,SINA,2400,1186.0,1214.0,PARCIAL,F. 29-1-2026,2026
BOLSAS 90 X120 CM AMARILLAS 80 MICRONES,FASTER BAGS,3000,3000.0,0.0,FULL,F. 29-1-2026,2026
"MORSA DE BANCO Nº 8 - 8"" BARBERO (20)",BARBERO,2,1.0,1.0,PARCIAL,F. 29-1-2026,2026
POLIETILENO NEGRO PREMIUM 3 X 50 MT  MICR 200 NEGRO,AGROREDES,750,500.0,250.0,PARCIAL,F. 29-1-2026,2026
"CEPILLO CIRCULAR TRENZADO M14 115X6XM14 (ACERO AL CARBONO,METAL,MADERA",NORTON,600,326.0,274.0,PARCIAL,F. 29-1-2026,2026
AEROSOL SMART PAINT AA AZUL  350 ML/250G,DOBLE A - AE,72,72.0,0.0,FULL,F. 29-1-2026,2026
AEROSOL SMART PAINT AA VERDE  350 ML/250G,DOBLE A - AE,72,24.0,48.0,PARCIAL,F. 29-1-2026,2026
BOLSAS 90 X120 CM ROJAS 80 MICRONES,FASTER BAGS,3000,3000.0,0.0,FULL,F. 29-1-2026,2026
BOLSAS 90 X120 CM VERDES 80 MICRONES,FASTER BAGS,3000,3000.0,0.0,FULL,F. 29-1-2026,2026
CANDADO BRONCE CASTLE D/TRABA Nº 40,FERRETERIA,40,40.0,0.0,FULL,F. 29-1-2026,2026
AEROSOL SMART PAINT AA AMARILLO  350ML/250G,DOBLE A - AE,72,72.0,0.0,FULL,F. 29-1-2026,2026
BOLSA RAFIA 40 X 60,AGROMARC,3000,3000.0,0.0,FULL,F. 29-1-2026,2026
SOGA TRENZADA 10 MM X METRO,NAVEGANTE,500,500.0,0.0,FULL,F. 29-1-2026,2026
"MORSA DE BANCO CON YUNQUE 10"" BARBERO",BARBERO,4,4.0,0.0,FULL,F. 29-1-2026,2026
ESCUADRA CON SOMBRERO BREMEN® 400X250MM DIN 875/1,BREMEN,10,10.0,0.0,FULL,F. 29-1-2026,2026
ESCUADRA CON SOMBRERO BREMEN® 500X330MM DIN 875/1,BREMEN,10,10.0,0.0,FULL,F. 29-1-2026,2026
CINTA METRICA EVEL PREMIUMBLOK - AUTOMATICA 8 MTS,EVEL,30,30.0,0.0,FULL,F. 29-1-2026,2026
CINTA METRICA EVEL PREMIUMBLOK - AUTOMATICA 5 MTS,EVEL,30,30.0,0.0,FULL,F. 29-1-2026,2026
LAPIZ CARPINTERO GARDEX CARPINTERO,FERRETERIA,200,200.0,0.0,FULL,F. 29-1-2026,2026
"CABO MADERA PALA 0,70 EMP. PLASTICA",FERRETERIA,40,40.0,0.0,FULL,F. 29-1-2026,2026
"ABRAZADERA PERFECTO 7MM 8-12 (1/2"")",FERRETERIA,100,100.0,0.0,FULL,F. 29-1-2026,2026
MECHA SDS PLUS 5X -  10X250X310,BOSCH,10,4.0,6.0,PARCIAL,F. 19-1-2026,2026
"DISCO ""FENOBOND"" 178X22   36",DOBLE A - LIJ,2000,1890.0,110.0,PARCIAL,F. 19-1-2026,2026
MARTILLO DE CARPINTERO MANGO FIBRA DE VIDRIO 16OZ,IRIMO,30,30.0,0.0,FULL,F. 19-1-2026,2026
DETERGENTE CRISTALINO ZAP 5 L,SINA,550,547.0,3.0,PARCIAL,F. 19-1-2026,2026
GLADE AEROSOL 360CC HARMONY,JHONSON,200,200.0,0.0,FULL,F. 19-1-2026,2026
GLADE AEROSOL 360CC FLORES TROPICAL Y COCO,JHONSON,200,200.0,0.0,FULL,F. 19-1-2026,2026
BOBINA PAPEL HOJA SIMPLE 240 M X 20 CM    X ROLLO,SINA,2000,2000.0,0.0,FULL,F. 19-1-2026,2026
"LIMA BREMEN® MEDIA CAÑA  BASTARDA  12"" C/CABO Y BLISTER",BREMEN,15,15.0,0.0,FULL,F. 19-1-2026,2026
LAMPAZO MOPA ALGODON PABILO RETORCIDO,SINA,50,50.0,0.0,FULL,F. 19-1-2026,2026
PINCEL PROFESIONAL  (# 1500) S 1 Nº 10,MATEZZ,500,500.0,0.0,FULL,F. 19-1-2026,2026
PINCEL ELEFANTE SERIE 1000 Nº 15,EL GALGO,500,,500.0,INCOMPLETO,F. 19-1-2026,2026
CEPILLO DE ACERO MANGO CURVO 4X19,CALABRO,30,,30.0,INCOMPLETO,F. 19-1-2026,2026
FLAP PLANO-FIBRA   180MM-G  40,BULONFER,300,300.0,0.0,FULL,F. 19-1-2026,2026
ARNES A CREMALLERA PARA CARETA Y FACIAL,FRAVIDA,20,,20.0,INCOMPLETO,F. 19-1-2026,2026
FISCHER - MECHA ACERO RAPIDO  HSS 338 RED.9.5 F3 16.0 MM,FISCHER,30,,30.0,INCOMPLETO,F. 19-1-2026,2026
MECHA SDS PLUS 5X -  12X150X210,BOSCH,10,,10.0,INCOMPLETO,F. 19-1-2026,2026
"NIVEL BIASSONI TORPEDO 9"" B/MAGNETICA",BIASSONI,20,3.0,17.0,PARCIAL,F. 19-1-2026,2026
VENTOSA GOMA NEGRA BUFALO VEN-01,SHADA,100,,100.0,INCOMPLETO,F. 19-1-2026,2026
MECHA SDS PLUS-1    6 X210,BOSCH,10,10.0,0.0,FULL,F. 19-1-2026,2026
WD-40® 311G,CAMPI,48,48.0,0.0,FULL,F. 19-1-2026,2026
ESCOBA BICOLOR SINA 7.5 CM BASE PLASTICA,SINA,100,100.0,0.0,FULL,F. 19-1-2026,2026
PULVERIZADOR SINA SPLASH 1 LT APROX ANATOMICO -  2101000002,GEN21,200,200.0,0.0,FULL,F. 19-1-2026,2026
PORTA BOBINA INDUSTRIAL DE PIE,MAKROCORP,30,30.0,0.0,FULL,F. 19-1-2026,2026
MAZA FORJADA - 2000 GRS - CON CABO DE FIBRA,BIASSONI,15,15.0,0.0,FULL,F. 19-1-2026,2026
CABO ESCOBA 1.20M PALO CON ROSCA PINO MADERA - ECONOMICO,SINA,200,200.0,0.0,FULL,F. 19-1-2026,2026
TEFLON ALTA DENSIDAD  3/4X10,LATYN - PLAS,200,200.0,0.0,FULL,F. 19-1-2026,2026
HOJA SIERRA SIN-PAR ACERO RAP. 32 D,FERRETERIA,100,100.0,0.0,FULL,F. 19-1-2026,2026
TRAPO STOKINETE 100% ALGODON POR 10KG,TRAPOSLIMP,60,60.0,0.0,FULL,F. 19-1-2026,2026
POLIETILENO NEGRO PREMIUM 4 X 50 MT  MICR 200 NEGRO,AGROREDES,2000,2000.0,0.0,FULL,F. 19-1-2026,2026
CINTA METRICA EVEL PREMIUMBLOK - AUTOMATICA 5 MTS,EVEL,50,50.0,0.0,FULL,F. 19-1-2026,2026
CINTA METRICA EVEL PREMIUMBLOK - AUTOMATICA 10 MTS,EVEL,50,50.0,0.0,FULL,F. 19-1-2026,2026
CUCHILLA METALICA RETRACTIL BREMEN® BLIST,BREMEN,20,20.0,0.0,FULL,F. 19-1-2026,2026
"DISCO DE CORTE CD T42  MASTER ACERO 115X3,0X22.2",DOBLE A - DIS,1000,1000.0,0.0,FULL,F. 19-1-2026,2026
"DISCO CORTE PLANO BNA 12 177,8X1,6X22,2",NORTON,1500,1500.0,0.0,FULL,F. 19-1-2026,2026
ALAMBRE LINCOLN MERITS-6 / 0.90 MM / 15.0-BPN-KG,LINCOLN CON,10,10.0,0.0,FULL,F. 19-1-2026,2026
CINTA AISLADORA DOBLE A VERDE 18 X 10,DOBLE A - CIN,300,300.0,0.0,FULL,F. 19-1-2026,2026
MANDRIL PROMOLINE 13MM+VASTAGO+TORNILLO,BOSCH,10,10.0,0.0,FULL,F. 19-1-2026,2026
MECHA SDS PLUS-1    8 X210,BOSCH,10,10.0,0.0,FULL,F. 19-1-2026,2026
"TENAZA ARMADOR A3 - 300 MM (12"") - M/C - CON DIPPING",BIASSONI,30,30.0,0.0,FULL,F. 19-1-2026,2026
CUCHARA ALBAÑIL BIASSONI  N° 8,BIASSONI,30,30.0,0.0,FULL,F. 19-1-2026,2026
"LLAVES AJUSTABLE DE TUERCA CENTRAL DE 34 MM FOSFATADO 12"" - 300 MM",BAHCO,15,15.0,0.0,FULL,F. 19-1-2026,2026
BALDE VOSS 2000 ALBAÑIL PLASTICO NEGRO,FERRETERIA,30,30.0,0.0,FULL,F. 19-1-2026,2026
GLADE AEROSOL 360CC POTPURRI,JHONSON,200,200.0,0.0,FULL,F. 19-1-2026,2026
BLEM AERO MADERA ORIGINAL 360CC,JHONSON,600,600.0,0.0,FULL,F. 19-1-2026,2026
FRANELA SINA 100% ALGODON 40*50,SINA,500,500.0,0.0,FULL,F. 19-1-2026,2026
DETERGENTE CONCENTRADO 40% DX 111 - MULTIUSO - 5L,SINA,50,50.0,0.0,FULL,F. 19-1-2026,2026
RODILLO ARTE FOAM Nº 16,EL GALGO,500,500.0,0.0,FULL,F. 19-1-2026,2026
CEPILLO CIRCULAR TRENZADO 150 C6 EJE 22 ALAMB 0.5,FPL,500,500.0,0.0,FULL,F. 19-1-2026,2026
MECHA / BROCA  A. RAPIDO  A114 4.00MM,DORMER,30,30.0,0.0,FULL,F. 19-1-2026,2026
MECHA / BROCA  A. RAPIDO  A114 5.00MM,DORMER,30,30.0,0.0,FULL,F. 19-1-2026,2026
MECHA / BROCA  A. RAPIDO  A114 6.00MM,DORMER,30,30.0,0.0,FULL,F. 19-1-2026,2026
MECHA / BROCA  A. RAPIDO  A114 8.00MM,DORMER,30,30.0,0.0,FULL,F. 19-1-2026,2026
MECHA / BROCA  A. RAPIDO  A114 10.00MM,DORMER,30,30.0,0.0,FULL,F. 19-1-2026,2026
MECHA / BROCA  A. RAPIDO  A114 12.00MM,DORMER,30,30.0,0.0,FULL,F. 19-1-2026,2026
CINTA TRANSPARENTE C292 48 X 40,DOBLE A - CIN,600,600.0,0.0,FULL,F. 19-1-2026,2026
DISCO FLAP ULTRA ZIR PLASTICO ANG 115X22 #40,DOBLE A - DIS,300,300.0,0.0,FULL,F. 19-1-2026,2026
CINTA 903 48 X 40,DOBLE A - CIN,600,600.0,0.0,FULL,F. 19-1-2026,2026
TUBO DE CONTACTO M8X30MM DIAM 0.9,FERROLAN,20,20.0,0.0,FULL,F. 19-1-2026,2026
CINTA AISLADORA DOBLE A NEGRO 18 X 20,DOBLE A - CIN,500,500.0,0.0,FULL,F. 19-1-2026,2026
TAPA DE BIDONES STANDARD,PRONEXT,30.0,10.0,20.0,PARCIAL,F. 2-12-2025,2025
TAPA AMARILLA STANDARD ANTIVENTEO,PRONEXT,30.0,10.0,20.0,PARCIAL,F. 2-12-2025,2025
"GUIA ESPIRAL 1,20 MM X 4,50 M ESPECIAL",SUMIG,20.0,6.0,14.0,PARCIAL,F. 2-12-2025,2025
MACHO CAJA VERDE NPT 3/4X14,BULONFER,5.0,2.0,3.0,PARCIAL,F. 2-12-2025,2025
CORREA HORMIGONERA A-33,DEPER,20.0,20.0,0.0,FULL,F. 2-12-2025,2025
MACHO A/RAP.NPT 1/2X14,BULONFER,5.0,5.0,0.0,FULL,F. 2-12-2025,2025
MACHO A/RAP.NPT 3/4 x 14,BULONFER,5.0,5.0,0.0,FULL,F. 2-12-2025,2025
ORING -004ARO NITRILO PICO ANTIVENTEO,PRONEXT,30.0,30.0,0.0,FULL,F. 2-12-2025,2025
MACHO CAJA VERDE NPT 1/2X14,BULONFER,5.0,4.0,1.0,PARCIAL,F. 2-12-2025,2025
RODILLO ARTE FOAM Nº 11,EL GALGO,1000.0,1000.0,0.0,FULL,F. 2-12-2025,2025
ACEITEX LIMPIA CONTACTOS 440CC,FERRETERIA,6.0,6.0,0.0,FULL,F. 2-12-2025,2025
"TUBO DE CONTACTO M-8 1,2 L 30MM",BAW,400.0,400.0,0.0,FULL,F. 2-12-2025,2025
VARILLA ER70S-3 MERIT JG-51 X CAJA DE 5 KG,LINCOLN CON,300.0,300.0,0.0,FULL,F. 2-12-2025,2025
PICO BIDONES STANDARD,PRONEXT,30.0,30.0,0.0,FULL,F. 2-12-2025,2025
CINTA METRICA 5M X 25MM,IRIMO,36.0,36.0,0.0,FULL,F. 2-12-2025,2025
QUITA SARRO Y OXIDO GEL 1L,MERCLIN,6.0,6.0,0.0,FULL,F. 2-12-2025,2025
MR MUSCULO CREMA FLORAL,JHONSON,6.0,6.0,0.0,FULL,F. 2-12-2025,2025
MR MUSCULO CREMA CITRUS,JHONSON,6.0,6.0,0.0,FULL,F. 2-12-2025,2025
MR MUSCULO EXT POWER GATILLO 500 CC,JHONSON,6.0,6.0,0.0,FULL,F. 2-12-2025,2025
LAPICES DE TEMPERATURA PARA 120°C,TEMPILSTIK,36.0,36.0,0.0,FULL,F. 2-12-2025,2025
CINTA AISLADORA DOBLE A NEGRO 18 X 20,DOBLE A - CIN,300.0,300.0,0.0,FULL,F. 2-12-2025,2025
CINTA AISLADORA DOBLE A VERDE 18 X 10,DOBLE A - CIN,200.0,200.0,0.0,FULL,F. 2-12-2025,2025
BUSA WP/17/18/26 Ø 12.7MM (1/2 # 8,FERROLAN,200.0,200.0,0.0,FULL,F. 2-12-2025,2025
"BROCA ESCALONADA HSS 13 ESCALONES 6-30MM (LARGO COMPLETO 93,5MM)",BOSCH,1.0,1.0,0.0,FULL,F. 2-12-2025,2025
MANDRIL PROMOLINE 13MM+VASTAGO+TORNILLO,BOSCH,10.0,10.0,0.0,FULL,F. 2-12-2025,2025
CUCHILLA METALICA RETRACTIL BREMEN® BLIST,BREMEN,10.0,10.0,0.0,FULL,F. 2-12-2025,2025
MACHO CAJA ROJA MA 6X1.00,BULONFER,5.0,5.0,0.0,FULL,F. 2-12-2025,2025
MACHO CAJA ROJA MA 8X1.25,BULONFER,5.0,5.0,0.0,FULL,F. 2-12-2025,2025
"FISCHER - MECHA ACERO RAPIDO  HSS DIN 338 F3  1,0 MM",FISCHER,10.0,10.0,0.0,FULL,F. 2-12-2025,2025
"FISCHER - MECHA ACERO RAPIDO  HSS DIN 338 F3  3,0 MM",FISCHER,10.0,10.0,0.0,FULL,F. 2-12-2025,2025
"FISCHER - MECHA ACERO RAPIDO  HSS DIN 338 F3  4,0 MM",FISCHER,10.0,10.0,0.0,FULL,F. 2-12-2025,2025
"FISCHER - MECHA ACERO RAPIDO  HSS DIN 338 F3  6,0 MM",FISCHER,10.0,10.0,0.0,FULL,F. 2-12-2025,2025
"FISCHER - MECHA ACERO RAPIDO  HSS DIN 338 F3  8,0 MM",FISCHER,10.0,10.0,0.0,FULL,F. 2-12-2025,2025
"FISCHER - MECHA ACERO RAPIDO  HSS DIN 338 F3  10,0 MM",FISCHER,10.0,10.0,0.0,FULL,F. 2-12-2025,2025
FISCHER - MECHA ACERO RAPIDO  HSS 338 RED.9.5 F3 13.0 MM,FISCHER,10.0,10.0,0.0,FULL,F. 2-12-2025,2025
FILM STRETCH 0.5X350 VIRGEN,AGROREDES,40.0,40.0,0.0,FULL,F. 2-12-2025,2025
RODILLO ARTE FOAM Nº 07,EL GALGO,1000.0,1000.0,0.0,FULL,F. 2-12-2025,2025
RODILLO ARTE FOAM Nº 16,EL GALGO,1000.0,1030.0,-30.0,FULL,F. 2-12-2025,2025
ROD.GALGO DORADO Nº 22,EL GALGO,30.0,30.0,0.0,FULL,F. 2-12-2025,2025
AEROSOL USO GENERAL NEGRO MATE 250 GR,TEKBOND,72.0,72.0,0.0,FULL,F. 2-12-2025,2025
AEROSOL SMART PAINT AA ROJO  350 ML/250G,DOBLE A - AE,72.0,72.0,0.0,FULL,F. 2-12-2025,2025
TEFLON ALTA DENSIDAD  1/2X40,LATYN - PLAS,100.0,100.0,0.0,FULL,F. 2-12-2025,2025
"DISCO ""FENOBOND"" 178X22   36",DOBLE A - LIJ,1000.0,1000.0,0.0,FULL,F. 2-12-2025,2025
CEPILLO CIRCULAR TRENZADO 150 C6 EJE 22 ALAMB 0.5,FPL,500.0,500.0,0.0,FULL,F. 2-12-2025,2025
"DISCO CORTE PLANO LINEA QUANTUM 115,3X1,6X22,2",NORTON STD,1000.0,1000.0,0.0,FULL,F. 2-12-2025,2025
FLAP PLANO-FIBRA   115MM-G  40,BULONFER,500.0,500.0,0.0,FULL,F. 2-12-2025,2025
DISCO FLAP OX ZIRCONIO R822 NORZON FEPA 40 180 X 22,NORTON STD,500.0,500.0,0.0,FULL,F. 2-12-2025,2025
"ELECTRODO CONARCO 18 3,25 MM X KG",CONARCO,5000.0,5000.0,0.0,FULL,F. 2-12-2025,2025
DISCOS DE SIERRA CIRCULAR - 184MM 7 1/4'' - 40 DIENTES ATB - OPTILINE,BOSCH,10.0,10.0,0.0,FULL,F. 2-12-2025,2025
"DISCO DE CORTE CD T42  MASTER ACERO 115X3,0X22.2",DOBLE A - DIS,1000.0,1000.0,0.0,FULL,F. 2-12-2025,2025
CINTA METRICA EVEL PREMIUMBLOK - AUTOMATICA 10 MTS,EVEL,12.0,12.0,0.0,FULL,F. 2-12-2025,2025
TEFLON ALTA DENSIDAD  1X10,LATYN - PLAS,100.0,100.0,0.0,FULL,F. 2-12-2025,2025
POLIETILENO NEGRO PREMIUM 3 X 50 MT  MICR 200 NEGRO,AGROREDES,1000.0,1000.0,0.0,FULL,F. 2-12-2025,2025
"DISCO CORTE PLANO LINEA QUANTUM 177,8X1,6X22,2",NORTON STD,1200.0,1200.0,0.0,FULL,F. 2-12-2025,2025
"DISCO DE CORTE T41  MASTER ACERO 180X1,6X22,2",DOBLE A - DIS,1800.0,1800.0,0.0,FULL,F. 2-12-2025,2025
MACHO CAJA ROJA MA 10 x 1.50,BULONFER,5.0,5.0,0.0,FULL,F. 2-12-2025,2025
,,,,,,F. 2-12-2025,2025
BATERIAS 9 V,SICA,50,50.0,0.0,FULL,F. 8-11-2025,2025
CRISTAL INCOLORO RECTAN.105X50,BULONFER,2000,2000.0,0.0,FULL,F. 8-11-2025,2025
PUNTA ALETADA MINIFLEX  50 X 30  #40,CORMET,300,300.0,0.0,FULL,F. 8-11-2025,2025
"LLAVE BIASSONI   AJUSTABLE - 10""",BIASSONI,20,20.0,0.0,FULL,F. 8-11-2025,2025
PILAS AA -  BLISTER DE 4 UNIDADES,SICA,100,54.0,46.0,PARCIAL,F. 8-11-2025,2025
DISCO CENTRO DEPRIMIDO 114X7,TYROLIT,500,500.0,0.0,FULL,F. 8-11-2025,2025
LIMPIADOR PISOS MARINA ZAP 5L  -  DESODORANTE,ZAP,300,300.0,0.0,FULL,F. 8-11-2025,2025
LIMPIADOR PISOS PINO ZAP 5 T  -  DESODORANTE,ZAP,300,300.0,0.0,FULL,F. 8-11-2025,2025
CINTA 903 48 X 40,DOBLE A - CIN,800,800.0,0.0,FULL,F. 8-11-2025,2025
"ELECTRODO KISWELL  7018 -  2,60 MM   X KG",KISWELL,500,500.0,0.0,FULL,F. 8-11-2025,2025
"ELECTRODO KISWELL  7018 -  3,20 MM  X KG",KISWELL,2000,2000.0,0.0,FULL,F. 8-11-2025,2025
"ALAMBRE TUBULAR LINCOLN E71T-1C EN 1,2M (X ROLLO DE 15KG)",LINCOLN EQU,50,50.0,0.0,FULL,F. 8-11-2025,2025
"ELECTRODO CONARCO 18 2,50 MM X KG",CONARCO,1500,1500.0,0.0,FULL,F. 8-11-2025,2025
VARILLA ER70S-3 MERIT JG-51 X CAJA DE 5 KG,LINCOLN CON,200,200.0,0.0,FULL,F. 8-11-2025,2025
BOLSAS 90 X120 CM VERDES 80 MICRONES,FASTER BAGS,1000,1000.0,0.0,FULL,F. 8-11-2025,2025
BOLSAS 90 X120 CM ROJAS 80 MICRONES,FASTER BAGS,1000,1000.0,0.0,FULL,F. 8-11-2025,2025
BOLSAS 90 X120 CM AMARILLAS 80 MICRONES,FASTER BAGS,1000,1000.0,0.0,FULL,F. 8-11-2025,2025
FILM STRETCH 0.5X350 VIRGEN,AGROREDES,30,30.0,0.0,FULL,F. 8-11-2025,2025
TEFLON ALTA DENSIDAD  1X10,LATYN - PLAS,100,100.0,0.0,FULL,F. 8-11-2025,2025
TEFLON ALTA DENSIDAD  1/2X40,LATYN - PLAS,100,100.0,0.0,FULL,F. 8-11-2025,2025
WD-40® 155G,CAMPI,36,36.0,0.0,FULL,F. 8-11-2025,2025
CANDADO SEKUR 40 ESTANDARD,SEKUR,30,30.0,0.0,FULL,F. 8-11-2025,2025
CANDADO SEKUR 31 ESTANDARD,SEKUR,50,50.0,0.0,FULL,F. 8-11-2025,2025
PINZA PORTA ELECT. HELICTOR 600,HELICTOR,40,40.0,0.0,FULL,F. 8-11-2025,2025
"DISCO CORTE PLANO LINEA QUANTUM 115,3X1,6X22,2",NORTON STD,1500,1500.0,0.0,FULL,F. 8-11-2025,2025
PINZA PORTA MASA HELICTOR 600,HELICTOR,40,40.0,0.0,FULL,F. 8-11-2025,2025
"DISCO DE CORTE CD T42  MASTER ACERO 115X3,0X22.2",DOBLE A - DIS,500,500.0,0.0,FULL,F. 8-11-2025,2025
DISCO PLANO TYROLIT EXTRA SECUR  178X1.6,TYROLIT,1000,1000.0,0.0,FULL,F. 8-11-2025,2025
"DISCO CORTE PLANO BNA 12 177,8X1,6X22,2",NORTON,1000,1000.0,0.0,FULL,F. 8-11-2025,2025
"DISCO DE CORTE CD T42  MASTER ACERO 180X3,0X22,2",DOBLE A - DIS,300,300.0,0.0,FULL,F. 8-11-2025,2025
DISCO FLAP OX ZIRCONIO R822 NORZON FEPA 40 180 X 22,NORTON STD,300,300.0,0.0,FULL,F. 8-11-2025,2025
DISCO FLAP OX ZIRCONIO R822 NORZON FEPA 40 115 X 22,TEKBOND,300,300.0,0.0,FULL,F. 8-11-2025,2025
PUNTA ALETADA MINIFLEX  70 X 30  #40,CORMET,300,300.0,0.0,FULL,F. 8-11-2025,2025
"HOJA TELA ESMERIL ""DOBLE A"" 60",DOBLE A - LIJ,300,300.0,0.0,FULL,F. 8-11-2025,2025
"DISCO ""FENOBOND"" 178X22   36",DOBLE A - LIJ,500,500.0,0.0,FULL,F. 8-11-2025,2025
ELECT. TUNG. THORIO Ø 2.4MM X 175MM,FERROLAN,1000,1000.0,0.0,FULL,F. 8-11-2025,2025
BUSA WP/17/18/26 Ø 12.7MM (1/2 # 8,FERROLAN,300,300.0,0.0,FULL,F. 8-11-2025,2025
BUSA WP17/18/26 Ø 11MM (7/16 ) # 7,FERROLAN,300,300.0,0.0,FULL,F. 8-11-2025,2025
BUSA WP17/18/26 Ø 10MM (3/8 ) # 6,FERROLAN,300,300.0,0.0,FULL,F. 8-11-2025,2025
CUERPO DE TORCHA 200A,FERROLAN,50,50.0,0.0,FULL,F. 8-11-2025,2025
BOLSA RAFIA 40 X 60,AGROMARC,900,900.0,0.0,FULL,F. 8-11-2025,2025
POLIETILENO NEGRO PREMIUM 3 X 50 MT  MICR 200 NEGRO,AGROREDES,2000,2000.0,0.0,FULL,F. 8-11-2025,2025
"NIVEL DE ALUMINIO - I-BEAN - 18""",BIASSONI,20,20.0,0.0,FULL,F. 8-11-2025,2025
"NIVEL DE ALUMINIO - I-BEAN - 12""",BIASSONI,20,20.0,0.0,FULL,F. 8-11-2025,2025
CINTA METRICA 5M X 25MM,IRIMO,20,20.0,0.0,FULL,F. 8-11-2025,2025
NIVEL BIASSONI -I-BEAN- 18'',BIASSONI,20,20.0,0.0,FULL,F. 8-11-2025,2025
"LLAVE BIASSONI   AJUSTABLE - 12""",BIASSONI,20,20.0,0.0,FULL,F. 8-11-2025,2025
DESTORNILLADOR MANGO GOMA  PL (-) 6.5 (Ø6X150MM)   BREMEN®,BREMEN,15,15.0,0.0,FULL,F. 8-11-2025,2025
CEPILLO DE ACERO MANGO CURVO 4X19,CALABRO,30,30.0,0.0,FULL,F. 8-11-2025,2025
JUEGO DE LLAVES ALLEN EXTRA LARGO MM Y TORX 18 PZAS,BIASSONI,1,1.0,0.0,FULL,F. 8-11-2025,2025
AEROSOL SMART PAINT AA VERDE OSCURO  350ML/250G,DOBLE A - AE,90,90.0,0.0,FULL,F. 8-11-2025,2025
PINCEL ELEFANTE SERIE 1000 N° 10 ,EL GALGO,500,500.0,0.0,FULL,F. 8-11-2025,2025
DIFUSOR Ø 2.4MM WP-17/18/26,FERROLAN,400,400.0,0.0,FULL,F. 8-11-2025,2025
PINCEL ELEFANTE SERIE 1000 Nº 15,EL GALGO,500,500.0,0.0,FULL,F. 8-11-2025,2025
PINCEL ELEFANTE SERIE 1000 Nº 20,EL GALGO,500,500.0,0.0,FULL,F. 8-11-2025,2025
PILAS AAA - BLISTER DE 4 UNIDADES,SICA,100,100.0,0.0,FULL,F. 8-11-2025,2025
MORDAZA Ø 2.4MM WPM-17/18/26,FERROLAN,400,400.0,0.0,FULL,F. 8-11-2025,2025
REGULADOR CAUDALIMETRO ARGON (LINEA INDUSTRIAL),FERROLAN,20,20.0,0.0,FULL,F. 8-11-2025,2025
TRAPO DE PISO GRIS 48 X 62 APROX,SINA,1000,1000.0,0.0,FULL,F. 8-11-2025,2025
REJILLA CALIFORNIA 45 X 42 APROX,SINA,1000,1000.0,0.0,FULL,F. 8-11-2025,2025
RAID MMM AEROSOL 5EN1 360CC,JHONSON,600,600.0,0.0,FULL,F. 8-11-2025,2025
GLADE AEROSOL 360CC FLORES TROPICAL Y COCO,JHONSON,200,200.0,0.0,FULL,F. 8-11-2025,2025
GLADE AEROSOL 360CC POTPURRI,JHONSON,200,200.0,0.0,FULL,F. 8-11-2025,2025
GLADE AEROSOL 360CC MANGO TROPICAL,JHONSON,200,200.0,0.0,FULL,F. 8-11-2025,2025
ESCOBA SINA 7 CM BASE PLASTICA,SINA,50,50.0,0.0,FULL,F. 8-11-2025,2025
TEFLON ALTA DENSIDAD 3/4X40,LATYN - PLAS,100,100.0,0.0,FULL,F. 8-11-2025,2025
"NIVEL BIASSONI TORPEDO 9"" B/MAGNETICA",BIASSONI,20,20.0,0.0,FULL,F. 8-11-2025,2025
BALDE C/ESCURRIDOR VILEDA,SINA,1,,1.0,FULL,F. 8-11-2025,2025
ESCOBA SINA 7 CM BASE PLASTICA,SINA,50,50.0,0.0,FULL,F. 8-11-2025,2025
"TANZA DE ALBAÑIL - ESPESOR 0,8 MM - LARGO 100 M",BIASSONI,100,100.0,0.0,FULL,F. 18-10-2025,2025
CINTA METRICA EVEL PREMIUMBLOK - AUTOMATICA 10 MTS,EVEL,30,30.0,0.0,FULL,F. 18-10-2025,2025
"ABRAZADERA PERFECTO 7MM 8-12 (1/2"")",FERRETERIA,200,200.0,0.0,FULL,F. 18-10-2025,2025
CESTO DE RESIDUO RECT PEDAL 30 L BLANCO - SANITARIO,SINA,1,1.0,0.0,FULL,F. 18-10-2025,2025
"PANTALON CARGO DEL NORTE HOMBRE ""PAMPERO""  VERDE T 46",PAMPERO,2,2.0,0.0,FULL,F. 18-10-2025,2025
CAMISA JEANS PAMPERO DEMIN - AZUL SUAVISADO T48,PAMPERO,2,2.0,0.0,FULL,F. 18-10-2025,2025
PINZA PORTA MASA HELICTOR 600,HELICTOR,20,20.0,0.0,FULL,F. 18-10-2025,2025
MECHA HSS (ACERO RAPIDO)  Ø 14.00MM  BREMEN®,BREMEN,5,5.0,0.0,FULL,F. 18-10-2025,2025
PIEDRITAS PARA CHISPERO (HB),SEGUTECNIC,200,200.0,0.0,FULL,F. 18-10-2025,2025
PUNTA ALETADA MINIFLEX  50 X 30  #40,CORMET,200,200.0,0.0,FULL,F. 18-10-2025,2025
DISCO FLAP OX ZIRCONIO R822 NORZON FEPA 40 115 X 22,TEKBOND,300,300.0,0.0,FULL,F. 18-10-2025,2025
CAMISA JEANS PAMPERO DEMIN - AZUL SUAVISADO T46,PAMPERO,2,2.0,0.0,FULL,F. 18-10-2025,2025
CAMISA JEANS PAMPERO DEMIN - AZUL SUAVISADO T50,PAMPERO,2,2.0,0.0,FULL,F. 18-10-2025,2025
CINTA 30 MTS.ART.3001 PINTADA,BULONFER,2,2.0,0.0,FULL,F. 18-10-2025,2025
CINTA 50 MTS.ART.5001 PINTADA,BULONFER,2,2.0,0.0,FULL,F. 18-10-2025,2025
INFLADOR DE NEUMATICOS CON MANOMETRO (PISTOLA) BREMEN,GEN21,3,3.0,0.0,FULL,F. 18-10-2025,2025
"DISCO ""FENOBOND"" 178X22   36",DOBLE A - LIJ,500,500.0,0.0,FULL,F. 18-10-2025,2025
RUEDA NEUMATICA P/HORMIGONERA DE NYLON 400X80,MECANOBRA,20.0,20.0,0.0,FULL,F. 3-10-2025,2025
RUEDA NEUMATICA DE CHAPA P/CARRETILLA,MECANOBRA,20.0,20.0,0.0,FULL,F. 3-10-2025,2025
CANDADO SEKUR 50 ESTÁNDAR,SEKUR,10.0,10.0,0.0,FULL,F. 3-10-2025,2025
CINTA METRICA EVEL RETROBLOK - AUTOMATICA 5 MTS,EVEL,20.0,20.0,0.0,FULL,F. 3-10-2025,2025
CINTA METRICA EVEL PROFESIONAL - ACERO AMARILLO - ENRROLLABLE 20 MT,EVEL,20.0,20.0,0.0,FULL,F. 3-10-2025,2025
"NIVEL BIASSONI TORPEDO 9"" B/MAGNETICA",BIASSONI,10.0,10.0,0.0,FULL,F. 3-10-2025,2025
MANDRIL PROMOLINE 13MM+VASTAGO+TORNILLO,BOSCH,10.0,10.0,0.0,FULL,F. 3-10-2025,2025
"DISCO CORTE PLANO LINEA QUANTUM 115,3X1,6X22,2",NORTON STD,3000.0,3000.0,0.0,FULL,F. 3-10-2025,2025
DISCO FLAP ULTRA ZIR PLASTICO ANG 115X22 #40,DOBLE A - DIS,500.0,500.0,0.0,FULL,F. 3-10-2025,2025
CEPILLO TRENZADO CIRCULAR 115- ROSCA M14- 12500 RPM,ALIAFOR - PE,500.0,500.0,0.0,FULL,F. 3-10-2025,2025
AEROSOL SMART PAINT AA NEGRO BRILLANTE  350ML/250G,DOBLE A - AE,72.0,72.0,0.0,FULL,F. 3-10-2025,2025
AEROSOL SMART PAINT AA BLANCO BRILLANTE  350ML/250G,DOBLE A - AE,72.0,72.0,0.0,FULL,F. 3-10-2025,2025
AEROSOL SMART PAINT AA ROJO  350 ML/250G,DOBLE A - AE,72.0,72.0,0.0,FULL,F. 3-10-2025,2025
CINTA AISLADORA DOBLE A NEGRO 18 X 20,DOBLE A - CIN,300.0,300.0,0.0,FULL,F. 3-10-2025,2025
CINTA AISLADORA DOBLE A AZUL 18 X 10,DOBLE A - CIN,200.0,200.0,0.0,FULL,F. 3-10-2025,2025
CINTA AISLADORA DOBLE A ROJO 18 X 10,DOBLE A - CIN,200.0,200.0,0.0,FULL,F. 3-10-2025,2025
PUNTA ALETADA MINIFLEX  70 X 30  #40,CORMET,300.0,300.0,0.0,FULL,F. 3-10-2025,2025
VARILLA ER70S-3 MERIT JG-51 X CAJA DE 5 KG,LINCOLN CON,200.0,200.0,0.0,FULL,F. 3-10-2025,2025
FILM STRETCH 0.5X350 VIRGEN,AGROREDES,40.0,40.0,0.0,FULL,F. 3-10-2025,2025
BOLSAS 90 X120 CM ROJAS 80 MICRONES,FASTER BAGS,1000.0,1000.0,0.0,FULL,F. 3-10-2025,2025
BOLSAS 90 X120 CM VERDES 80 MICRONES,FASTER BAGS,1000.0,1000.0,0.0,FULL,F. 3-10-2025,2025
BOLSAS 90 X120 CM AMARILLAS 80 MICRONES,FASTER BAGS,1000.0,1000.0,0.0,FULL,F. 3-10-2025,2025
TOBERA UNICA CORTA 15.00 MM ROSCA CUADRADA 3P,SUMIG,200.0,200.0,0.0,FULL,F. 3-10-2025,2025
TANZA ALBAÑIL GARDEX 0.80MM X 100M. CARRETEL,FERRETERIA,100.0,100.0,0.0,FULL,F. 3-10-2025,2025
CINTA 903 48 X 40 (X20 UND),DOBLE A - CIN,300.0,300.0,0.0,FULL,F. 3-10-2025,2025
CINTA TRANSPARENTE C292 48 X 40,DOBLE A - CIN,300.0,300.0,0.0,FULL,F. 3-10-2025,2025
CUCHILLA METALICA RETRACTIL BREMEN® BLIST,BREMEN,10.0,10.0,0.0,FULL,F. 3-10-2025,2025
"BROCA ESCALONADA HSS 13 ESCALONES 6-30MM (LARGO COMPLETO 93,5MM)",BOSCH,2.0,2.0,0.0,FULL,F. 3-10-2025,2025
PUNTA PARA ATORNILLAR - PHILLIPS - #2 X 50MM - X 3U,BOSCH,10.0,10.0,0.0,FULL,F. 3-10-2025,2025
CANDADO DE BRONCE CR-60 DOBLE TRABA PAPAIZ,PROTEC,5.0,5.0,0.0,FULL,F. 3-10-2025,2025
PULVERIZADOR SINA® 1 L APROX. CILINDRICO,SINA,100.0,100.0,0.0,FULL,F. 3-10-2025,2025
FRANELA SINA 100% ALGODON 40*50,SINA,500.0,500.0,0.0,FULL,F. 3-10-2025,2025
BLEM AERO MADERA ORIGINAL 360CC,JHONSON,720.0,720.0,0.0,FULL,F. 3-10-2025,2025
,,,,,,F. 3-10-2025,2025
,,,,,,F. 3-10-2025,2025
,,,,,,F. 3-10-2025,2025
  ,,,,,,F. 3-10-2025,2025
CANDADO DE BRONCE CR-40 DOBLE TRABA PAPAIZ,PROTEC,20,20.0,0.0,FULL,F. 28-07-2025,2025
CANDADO HIERRO CASTLE 50MM DOBLE TRABA,CASTLE,10,10.0,0.0,FULL,F. 28-07-2025,2025
CANDADO DE BRONCE CR-60 DOBLE TRABA PAPAIZ,PROTEC,5,5.0,0.0,FULL,F. 28-07-2025,2025
CINTA METRICA EVEL PREMIUMBLOK - AUTOMATICA 8 MTS,EVEL,20,20.0,0.0,FULL,F. 28-07-2025,2025
CINTA METRICA EVEL RETROBLOK - AUTOMATICA 5 MTS,EVEL,20,20.0,0.0,FULL,F. 28-07-2025,2025
"NIVEL BIASSONI TORPEDO 9"" B/MAGNETICA",BIASSONI,10,10.0,0.0,FULL,F. 28-07-2025,2025
DESTORNILLADOR MANGO GOMA  PH (+) #2 (Ø6X125MM)  BREMEN®,BREMEN,15,15.0,0.0,FULL,F. 28-07-2025,2025
"ALICATE CORTE OBLICUO LINEA HAUS 6""",BREMEN,10,10.0,0.0,FULL,F. 28-07-2025,2025
"ABRAZADERA PERFECTO 7MM 8-12 (1/2"")",FERRETERIA,200,200.0,0.0,FULL,F. 28-07-2025,2025
"ABRAZADERA IMP. 14-27MM - 1""",FERRETERIA,200,200.0,0.0,FULL,F. 28-07-2025,2025
KWB - MANDRIL 13 MM,KWB,10,10.0,0.0,FULL,F. 28-07-2025,2025
PILAS AAA - BLISTER DE 4 UNIDADES,SICA,75,75.0,0.0,FULL,F. 28-07-2025,2025
PILAS AA -  BLISTER DE 4 UNIDADES,SICA,75,75.0,0.0,FULL,F. 28-07-2025,2025
BATERIAS 9 V,SICA,30,30.0,0.0,FULL,F. 28-07-2025,2025
"DISCO DE CORTE T41  MASTER ACERO 115X1,6X22,2",DOBLE A - DIS,3000,3000.0,0.0,PARCIAL,F. 28-07-2025,2025
"DISCO DE CORTE CD T42  MASTER ACERO 115X3,0X22.2",DOBLE A - DIS,500,500.0,0.0,FULL,F. 28-07-2025,2025
"DISCO CORTE PLANO BNA 12 177,8X1,6X22,2",NORTON,2000,2000.0,0.0,FULL,F. 28-07-2025,2025
"DISCO DE CORTE T41  MASTER ACERO 180X1,6X22,2",DOBLE A - DIS,1000,1000.0,0.0,FULL,F. 28-07-2025,2025
AEROSOL SMART PAINT AA BLANCO BRILLANTE  350ML/250G,DOBLE A - AE,72,72.0,0.0,FULL,F. 28-07-2025,2025
AEROSOL SMART PAINT AA ROJO  350 ML/250G,DOBLE A - AE,72,72.0,0.0,FULL,F. 28-07-2025,2025
AEROSOL SMART PAINT AA AMARILLO  350ML/250G,DOBLE A - AE,72,72.0,0.0,FULL,F. 28-07-2025,2025
AEROSOL SMART PAINT AA CELESTE  350 ML/250G,DOBLE A - AE,72,72.0,0.0,FULL,F. 28-07-2025,2025
AEROSOL SMART PAINT AA NARANJA  350 ML/250G,DOBLE A - AE,72,72.0,0.0,FULL,F. 28-07-2025,2025
AEROSOL SMART PAINT AA ROSA  350 ML/250G,DOBLE A - AE,72,72.0,0.0,FULL,F. 28-07-2025,2025
AEROSOL SMART PAINT AA VERDE  350 ML/250G,DOBLE A - AE,72,72.0,0.0,FULL,F. 28-07-2025,2025
CINTA AISLADORA DOBLE A NEGRO 18 X 20,DOBLE A - CIN,200,200.0,0.0,FULL,F. 28-07-2025,2025
CINTA AISLADORA DOBLE A VERDE 18 X 10,DOBLE A - CIN,200,200.0,0.0,FULL,F. 28-07-2025,2025
CINTA AISLADORA DOBLE A AZUL 18 X 10,DOBLE A - CIN,200,200.0,0.0,FULL,F. 28-07-2025,2025
CINTA AISLADORA DOBLE A ROJO 18 X 10,DOBLE A - CIN,200,200.0,0.0,FULL,F. 28-07-2025,2025
CINTA PVC TACSA AISLANTE 20 MT. AMARILLA,FERRETERIA,200,200.0,0.0,FULL,F. 28-07-2025,2025
"ALAMBRE TUBULAR LINCOLN E71T-1C EN 1,2M (X ROLLO DE 15KG)",LINCOLN EQU,50,50.0,0.0,FULL,F. 28-07-2025,2025
REPUESTO JABONERA ESTACION LAVAMANOS,INDUQUEN,32,32.0,0.0,FULL,F. 28-07-2025,2025
REPUESTO BACHA ESTACION LAVAMANOS,INDUQUEN,32,32.0,0.0,FULL,F. 28-07-2025,2025
REPUESTO BOMBA LAVAMANOS,INDUQUEN,32,32.0,0.0,FULL,F. 28-07-2025,2025
REPUESTO PICO  LAVAMANOS,INDUQUEN,32,32.0,0.0,FULL,F. 28-07-2025,2025
PUNTAS MONTADAS A.1 GRIS,CORMET,250,250.0,0.0,FULL,F. 28-07-2025,2025
PUNTAS MONTADAS A.2 GRIS,CORMET,250,250.0,0.0,FULL,F. 28-07-2025,2025
PUNTAS MONTADAS A.3 GRIS,CORMET,250,250.0,0.0,FULL,F. 28-07-2025,2025
BUSA WP17/18/26 Ø 11MM (7/16 ) # 7,FERROLAN,200,200.0,0.0,FULL,F. 28-07-2025,2025
BUSA WP17/18/26 Ø 10MM (3/8 ) # 6,FERROLAN,200,200.0,0.0,FULL,F. 28-07-2025,2025
BUSA WP/17/18/26 Ø 12.7MM (1/2 # 8,FERROLAN,200,200.0,0.0,FULL,F. 28-07-2025,2025
PUNTA ALETADA MINIFLEX  50 X 30  #40,CORMET,300,300.0,0.0,FULL,F. 28-07-2025,2025
PUNTA ALETADA MINIFLEX  70 X 30  #40,CORMET,300,300.0,0.0,FULL,F. 28-07-2025,2025
PIEDRITAS PARA CHISPERO (HB),SEGUTECNIC,100,100.0,0.0,FULL,F. 28-07-2025,2025
MANGUERA INDUSTRIAL (TRASLUCIDO) 12 X 18 MM 50 MTS,TECNOCOM,250,250.0,0.0,FULL,F. 28-07-2025,2025
"ELECTRODO KISWELL  7018 -  3,20 MM  X KG",KISWELL,3000,3000.0,0.0,FULL,F. 28-07-2025,2025
ESPUMA POLIURETANO EXPANSIBLE BEIGE 500ML/360GR,TEKBOND,10,10.0,0.0,FULL,F. 28-07-2025,2025
LA GOTITA® POMO 2ML,CAMPI,10,10.0,0.0,FULL,F. 28-07-2025,2025
HSS POINTTEQ HEX - JUEGO DE MECHAS P/METAL 6MM 10 UNIDADES,BOSCH,1,1.0,0.0,FULL,F. 28-07-2025,2025
HSS POINTTEQ HEX - JUEGO DE MECHAS P/METAL 12MM 5 UNIDADES,BOSCH,2,2.0,0.0,FULL,F. 28-07-2025,2025
"HSS POINTTEQ HEX, 8MM, 5 PZS",BOSCH,2,2.0,0.0,FULL,F. 28-07-2025,2025
"FISCHER - MECHA ACERO RAPIDO  HSS DIN 338 F3  10,50 MM",FISCHER,10,10.0,0.0,FULL,F. 28-07-2025,2025
MECHA / BROCA  A. RAPIDO  A114 13.00MM,DORMER,10,10.0,0.0,FULL,F. 28-07-2025,2025
MECHA HSS (ACERO RAPIDO)  Ø 14.00MM  BREMEN®,BREMEN,10,10.0,0.0,FULL,F. 28-07-2025,2025
WD-40® 155G,CAMPI,40,40.0,0.0,FULL,F. 28-07-2025,2025
MECHA HSS (ACERO RAPIDO)  Ø 16.00MM  BREMEN®,BREMEN,5,5.0,0.0,FULL,F. 28-07-2025,2025
MECHA HSS (ACERO RAPIDO)  Ø 18.00MM  BREMEN®,BREMEN,5,5.0,0.0,FULL,F. 28-07-2025,2025
HILO ENTIZADO (CHOCLA) 30MTS CON 100GS DE TIZA,FERRETERIA,20.0,20.0,0.0,FULL,F. 28-06-2025,2025
CANDADO HIERRO CASTLE 40MM DOBLE TRABA,CASTLE,20.0,20.0,0.0,FULL,F. 28-06-2025,2025
WD-40® 155G,CAMPI,40.0,40.0,0.0,FULL,F. 28-06-2025,2025
"LLAVE BIASSONI   AJUSTABLE - 12""",BIASSONI,15.0,15.0,0.0,FULL,F. 28-06-2025,2025
FISCHER - SILICONA NEUTRA TRANSPARENTE X 260 ML,FISCHER,10.0,10.0,0.0,FULL,F. 28-06-2025,2025
DESTORNILLADOR MANGO GOMA  PH (+) #2 (Ø6X125MM)  BREMEN®,BREMEN,15.0,15.0,0.0,FULL,F. 28-06-2025,2025
"PINZA UNIVERSAL - 8""",BIASSONI,15.0,15.0,0.0,FULL,F. 28-06-2025,2025
"NIVEL BIASSONI TORPEDO 9"" B/MAGNETICA",BIASSONI,15.0,15.0,0.0,FULL,F. 28-06-2025,2025
TANZA ALBAÑIL GARDEX 0.80MM X 100M. CARRETEL,FERRETERIA,100.0,100.0,0.0,FULL,F. 28-06-2025,2025
CINTA METRICA EVEL RETROBLOK - AUTOMATICA 5 MTS,EVEL,30.0,30.0,0.0,FULL,F. 28-06-2025,2025
"NIVEL DE ALUMINIO - I-BEAN - 12""",BIASSONI,15.0,15.0,0.0,FULL,F. 28-06-2025,2025
"ABRAZADERA PERFECTO 7MM 8-12 (1/2"")",FERRETERIA,100.0,100.0,0.0,FULL,F. 28-06-2025,2025
"PINZA BIASSONI PICO LORO MULTIFIX 10""",BIASSONI,10.0,10.0,0.0,FULL,F. 28-06-2025,2025
CESTO DE RESIDUO RECT PEDAL 30 L AZUL PAPEL CARTON,SINA,2.0,2.0,0.0,FULL,F. 28-06-2025,2025
"PANTALON CARGO FIT ""PAMPERO""  VERDE T 42",PAMPERO,2.0,2.0,0.0,FULL,F. 28-06-2025,2025
CAMISA JEANS PAMPERO DEMIN - AZUL SUAVISADO T50,PAMPERO,2.0,2.0,0.0,FULL,F. 28-06-2025,2025
CUCHILLA METALICA RETRACTIL BREMEN® BLIST,BREMEN,10.0,10.0,0.0,FULL,F. 28-06-2025,2025
PILAS AA -  BLISTER DE 4 UNIDADES,SICA,25.0,25.0,0.0,FULL,F. 28-06-2025,2025
CINTA AISLADORA DOBLE A NEGRO 18 X 20,DOBLE A - CIN,250.0,250.0,0.0,FULL,F. 28-06-2025,2025
CINTA AISLADORA DOBLE A VERDE 18 X 10,DOBLE A - CIN,200.0,200.0,0.0,FULL,F. 28-06-2025,2025
CINTA AISLADORA DOBLE A AZUL 18 X 10,DOBLE A - CIN,200.0,200.0,0.0,FULL,F. 28-06-2025,2025
CINTA AISLADORA DOBLE A ROJO 18 X 10,DOBLE A - CIN,200.0,200.0,0.0,FULL,F. 28-06-2025,2025
CINTA PVC TACSA AISLANTE 20 MT. AMARILLA,FERRETERIA,200.0,200.0,0.0,FULL,F. 28-06-2025,2025
"FISCHER - MECHA ACERO RAPIDO  HSS DIN 338 F3  8,50 MM",FISCHER,10.0,10.0,0.0,FULL,F. 28-06-2025,2025
LLAVE PARA MANDRIL 13 MM DOGO,DOGO,5.0,5.0,0.0,FULL,F. 28-06-2025,2025
PINCEL ELEFANTE SERIE 1000 Nº 10,EL GALGO,1000.0,1000.0,0.0,FULL,F. 28-06-2025,2025
PINCEL ELEFANTE SERIE 1000 Nº 15,EL GALGO,1000.0,1000.0,0.0,FULL,F. 28-06-2025,2025
PINCEL ELEFANTE SERIE 1000 Nº 20,EL GALGO,1000.0,1000.0,0.0,FULL,F. 28-06-2025,2025
PINCEL ELEFANTE SERIE 1000 Nº 25,EL GALGO,1000.0,1000.0,0.0,FULL,F. 28-06-2025,2025
RODILLO ARTE FOAM Nº 07,EL GALGO,1000.0,1000.0,0.0,FULL,F. 28-06-2025,2025
RODILLO ARTE FOAM Nº 11,EL GALGO,1000.0,1000.0,0.0,FULL,F. 28-06-2025,2025
RODILLO ARTE FOAM Nº 16,EL GALGO,1000.0,1000.0,0.0,FULL,F. 28-06-2025,2025
MECHA HSS (ACERO RAPIDO)  Ø 18.00MM  BREMEN®,BREMEN,3.0,3.0,0.0,FULL,F. 28-06-2025,2025
MECHA HSS (ACERO RAPIDO)  Ø 20.00MM  BREMEN®,BREMEN,3.0,3.0,0.0,FULL,F. 28-06-2025,2025
"CABLE ANTILATIGO DE 1/8"" X 480 MM AC",,40.0,40.0,0.0,FULL,F. 28-06-2025,2025
"ACOPLE MED. VUEL. AMERIC. SAL. MANGUERA 1/2""",OVNISA,20.0,20.0,0.0,FULL,F. 28-06-2025,2025
"ACOPLE MED. VUEL. AMERIC. SAL. MANGUERA 3/4""",OVNISA,40.0,40.0,0.0,FULL,F. 28-06-2025,2025
"ACOPLE MED. VUEL. AMERIC. SAL. MANGUERA 1""",OVNISA,20.0,20.0,0.0,FULL,F. 28-06-2025,2025
RUEDA NEUMATICA 3.25 MM BUJES 1/2-5/8-1 CARRETILLA,FERRETERIA,20.0,20.0,0.0,FULL,F. 28-06-2025,2025
,,,,,,F. 28-06-2025,2025
,,,,,,F. 28-06-2025,2025
CINTA METRICA EVEL PREMIUMBLOK - AUTOMATICA 5 MTS,EVEL ,20,20.0,0.0,FULL,F. 2-06-2025,2025
ELECT. TUNG. THORIO Ø 2.4MM X 175MM,FERRETERIA,20,20.0,0.0,FULL,F. 2-06-2025,2025
CINTA 903 48 X 40,DOBLE A-CIN ,500,500.0,0.0,FULL,F. 2-06-2025,2025
WD-40® 155G,CAMPI ,20,20.0,0.0,FULL,F. 2-06-2025,2025
MORDAZA Ø 2.4MM WPM-17/18/26,FERROLAN,400,400.0,0.0,FULL,F. 2-06-2025,2025
DISCO FLAP ULTRA ZIR PLASTICO ANG 115X22 #40,DOBLE A-CIN ,400,400.0,0.0,FULL,F. 2-06-2025,2025
DISCO FLAP OX ZIRCONIO R822 NORZON FEPA 40 180 X 22,NORTON ,400,400.0,0.0,FULL,F. 2-06-2025,2025
"DISCO CORTE PLANO LINEA QUANTUM 115,3X1,6X22,2",NORTON ,3000,3000.0,0.0,FULL,F. 2-06-2025,2025
"DISCO CORTE PLANO LINEA QUANTUM 177,8X1,6X22,2",NORTON ,3000,3000.0,0.0,FULL,F. 2-06-2025,2025
"DISCO DE CORTE CD T42 MASTER ACERO 115X3,0X22.2",DOBLE A-CIN ,600,600.0,0.0,FULL,F. 2-06-2025,2025
"DISCO DEBASTE DD T27 MASTER ACERO115X5,0X22,2",DOBLE A-CIN ,600,600.0,0.0,FULL,F. 2-06-2025,2025
"DISCO CORTE CENT DEPRIM BDA 32 114,3X3,0X22,2",NORTON ,400,400.0,0.0,FULL,F. 2-06-2025,2025
CEPILLO CIRCULAR TRENZADO C9 M/N ROSCA 14,FPL ,500,500.0,0.0,FULL,F. 2-06-2025,2025
CEPILLO CIRCULAR TRENZADO 150 C6 EJE 22 ALAMB 0.5,FPL ,500,500.0,0.0,FULL,F. 2-06-2025,2025
"DISCO ""FENOBOND"" 178X22",DOBLE A-LIJA,1000,1000.0,0.0,FULL,F. 2-06-2025,2025
"DISCO ""FENOBOND"" 115X22 36",DOBLE A-LIJA,500,500.0,0.0,FULL,F. 2-06-2025,2025
PUNTA ALETADA MINIFLEX 50 X 30 #40,CORMET ,200,200.0,0.0,FULL,F. 2-06-2025,2025
PUNTA ALETADA MINIFLEX 70 X 30 #40,CORMET ,200,200.0,0.0,FULL,F. 2-06-2025,2025
AEROSOL SMART PAINT AA NARANJA 350 ML/250G,DOBLE A-ARF,60,60.0,0.0,FULL,F. 2-06-2025,2025
AEROSOL SMART PAINT AA AZUL 350 ML/250G,DOBLE A-ARF,60,60.0,0.0,FULL,F. 2-06-2025,2025
AEROSOL SMART PAINT AA VERDE 350 ML/250G,DOBLE A-ARF,60,60.0,0.0,FULL,F. 2-06-2025,2025
AEROSOL SMART PAINT AA ROJO 350 ML/250G,DOBLE A-ARF,60,60.0,0.0,FULL,F. 2-06-2025,2025
AEROSOL SMART PAINT AA AMARILLO 350ML/250G,DOBLE A-ARF,60,60.0,0.0,FULL,F. 2-06-2025,2025
MECHA / BROCA A. RAPIDO A114 10.00MM,DORMER ,20,20.0,0.0,FULL,F. 2-06-2025,2025
MECHA / BROCA A. RAPIDO PUNTA TITANIO A002 8.00MM,DORMER ,20,20.0,0.0,FULL,F. 2-06-2025,2025
"FISCHER - MECHA ACERO RAPIDO HSS DIN 338 F3 6,50 MM",AGROREDES,20,20.0,0.0,FULL,F. 2-06-2025,2025
MECHA / BROCA A. RAPIDO PUNTA TITANIO A002 4.00MM,DORMER ,20,20.0,0.0,FULL,F. 2-06-2025,2025
MECHA / BROCA A. RAPIDO A114 12.00MM,DORMER ,20,20.0,0.0,FULL,F. 2-06-2025,2025
POLIETILENO NEGRO PREMIUM 3 MTRS X50 MTRS MICR 200 NEGRO,AGROREDES,500,500.0,0.0,FULL,F. 2-06-2025,2025
BOLSA RAFIA 40 X 60,AGROMARC ,1200,1200.0,0.0,FULL,F. 2-06-2025,2025
FILM STRETCH 0.5X350 VIRGEN,AGROREDES ,20,20.0,0.0,FULL,F. 2-06-2025,2025
"PANTALON CARGO RIPSTOP ""PAMPERO""- BEIGE 40",PAMPERO ,2,2.0,0.0,FULL,F. 2-06-2025,2025
BALDE PLASTICO 14 LTS. CON PICO,SINA,50,50.0,0.0,FULL,F. 22-05-2025,2025
BATERIAS 9 V,FERRETERIA,20,20.0,0.0,FULL,F. 22-05-2025,2025
DETERGENTE CRISTALINO ZAP 5 L,SINA,60,60.0,0.0,FULL,F. 22-05-2025,2025
BIDON LAVANDINA X 5 LT P/PROD.ENVASADO,SINA,60,60.0,0.0,FULL,F. 22-05-2025,2025
BLEM AERO MADERA ORIGINAL 360CC,JHONSON,600,600.0,0.0,FULL,F. 22-05-2025,2025
BOLSAS 90 X120 CM ROJAS 80 MICRONES,FASTER BAGS,2000,2000.0,0.0,FULL,F. 22-05-2025,2025
BOLSAS 90 X120 CM VERDES 80 MICRONES,FASTER BAGS,2000,2000.0,0.0,FULL,F. 22-05-2025,2025
BOLSAS 90 X120 CM AMARILLAS 80 MICRONES,FASTER BAGS,2000,2000.0,0.0,FULL,F. 22-05-2025,2025
BOLSA AZUL 100X120    -CADA UNA-,FASTER BAGS,1000,1000.0,0.0,FULL,F. 22-05-2025,2025
PORTA BOBINA INDUSTRIAL DE PIE,MAKROCORP,20,20.0,0.0,FULL,F. 22-05-2025,2025
ESCOBA ESCOBILLON 6H CERDA 100CM,FERRETERIA,20,20.0,0.0,FULL,F. 22-05-2025,2025
ESCOBA SINA 7 CM BASE PLASTICA,SINA,100,100.0,0.0,FULL,F. 22-05-2025,2025
ESCURRIDOR PARA BALDE OVAL 14 L. SINA,GEN21,40,40.0,0.0,FULL,F. 22-05-2025,2025
FRANELA SINA 100% ALGODON 40*50,SINA,500,500.0,0.0,FULL,F. 22-05-2025,2025
GLADE AEROSOL 360CC HARMONY,JHONSON,600,600.0,0.0,FULL,F. 22-05-2025,2025
LAMPAZO MOPA ALGODON PABILO RETORCIDO,SINA,100,100.0,0.0,FULL,F. 22-05-2025,2025
LIMPIADOR PISOS LAVANDA ZAP 5L - DESODORANTE,SINA,300,300.0,0.0,FULL,F. 22-05-2025,2025
LYSOFORM AEROSOL ORIGINAL 360CC,JHONSON,480,480.0,0.0,FULL,F. 22-05-2025,2025
BOBINA DE PAPEL BLANCA 20CM DOBLE HOJA,SINA,1000,1000.0,0.0,FULL,F. 22-05-2025,2025
RAID MMM AEROSOL 5EN1 360CC,JHONSON,1000,1000.0,0.0,FULL,F. 22-05-2025,2025
SECADOR SG BLANCO 50 CCM - INDUSTRIAL REFORZADO,SINA,100,100.0,0.0,FULL,F. 22-05-2025,2025
TRAPO DE PISO GRIS 48 X 62 APROX,SINA,500,500.0,0.0,FULL,F. 22-05-2025,2025
TOBERA UNICA CORTA 15.00 MM ROSCA CUADRADA 3P,SUMIG,130,130.0,0.0,FULL,F. 22-05-2025,2025
WD-40® 155G,CAMPI,24,24.0,0.0,FULL,F. 22-05-2025,2025
CEPILLO ACERO CON MANGO PLASTICO  4 X19 DOGO,DOGO,30,20.0,10.0,PARCIAL,F. 22-05-2025,2025
"NIVEL DE ALUMINIO - I-BEAN - 12""",BIASSONI,15,15.0,0.0,FULL,F. 22-05-2025,2025
"NIVEL DE ALUMINIO - I-BEAN - 18""",BIASSONI,15,15.0,0.0,FULL,F. 22-05-2025,2025
MAZA FORJADA - 2000 GRS - CON CABO DE FIBRA,BIASSONI,15,15.0,0.0,FULL,F. 22-05-2025,2025
"LLAVE PARA CAÑOS, LARGO 555 MM, PARA CAÑOS HASTA  2.1/2"", NACIONAL",BAHCO,7,7.0,0.0,FULL,F. 22-05-2025,2025
"PINZA BIASSONI PICO LORO MULTIFIX 10""",BIASSONI,10,10.0,0.0,FULL,F. 22-05-2025,2025
DESTORNILLADOR MANGO GOMA  PH (+) #2 (Ø6X125MM)  BREMEN®,BREMEN,10,10.0,0.0,FULL,F. 22-05-2025,2025
DESTORNILLADOR MANGO GOMA  PL (-) 6.5 (Ø6X150MM)   BREMEN®,BREMEN,10,10.0,0.0,FULL,F. 22-05-2025,2025
ESCUADRA CON SOMBRERO BREMEN® 300X200MM DIN 875/1,BREMEN,10,10.0,0.0,FULL,F. 22-05-2025,2025
ESCUADRA CON SOMBRERO BREMEN® 500X330MM DIN 875/1,BREMEN,10,10.0,0.0,FULL,F. 22-05-2025,2025
CAJA DE HERRAMIENTAS PLAST TAYG N°12,TAYG,10,10.0,0.0,FULL,F. 22-05-2025,2025
BOLSA RAFIA 40 X 60,AGROMARC,4000,4000.0,0.0,FULL,F. 22-05-2025,2025
"CABO MADERA PALA 0,60  EMP. METALICA",FERRETERIA,40,40.0,0.0,FULL,F. 22-05-2025,2025
AISLADOR DEL DIFUSOR DE GAS x 5 unidades - 500.1103,GEN21,15,15.0,0.0,FULL,F. 22-05-2025,2025
CINTA METRICA EVEL PREMIUMBLOK - AUTOMATICA 8 MTS,EVEL,20,20.0,0.0,FULL,F. 22-05-2025,2025
CUCHILLA METALICA RETRACTIL BREMEN® BLIST,BREMEN,10,10.0,0.0,FULL,F. 12-05-2025,2025
"ZAPATILLA MULTIPLE P/ESCRITORIO 5 TOMAS + 2 USB - CABLE DE 1,5 M",TBC,2,2.0,0.0,FULL,F. 12-05-2025,2025
MECHA / BROCA  A. RAPIDO PUNTA TITANIO A002 7.00MM,DORMER,10,10.0,0.0,FULL,F. 12-05-2025,2025
MECHA / BROCA  A. RAPIDO PUNTA TITANIO A002 10.00MM,DORMER,5,5.0,0.0,FULL,F. 12-05-2025,2025
MECHA HSS (ACERO RAPIDO)  Ø 18.00MM  BREMEN®,BREMEN,2,2.0,0.0,FULL,F. 12-05-2025,2025
CINTA AISLADORA DOBLE A NEGRO 18 X 20,DOBLE A - CIN,200,200.0,0.0,FULL,F. 12-05-2025,2025
CINTA AISLADORA DOBLE A AZUL 18 X 10,DOBLE A - CIN,60,60.0,0.0,FULL,F. 12-05-2025,2025
CINTA AISLADORA DOBLE A ROJO 18 X 10,DOBLE A - CIN,40,40.0,0.0,FULL,F. 12-05-2025,2025
"PINZA UNIVERSAL - 8""",BIASSONI,8,8.0,0.0,FULL,F. 12-05-2025,2025
CINTA METRICA EVEL PREMIUMBLOK - AUTOMATICA 8 MTS,EVEL,15,15.0,0.0,FULL,F. 12-05-2025,2025
"PAVA ELECTRICA ""TEMPOMATE""",LILIANA,1,1.0,0.0,FULL,F. 12-05-2025,2025
"NIVEL BIASSONI TORPEDO 9"" B/MAGNETICA",BIASSONI,10,10.0,0.0,FULL,F. 12-05-2025,2025
POLIETILENO NEGRO PREMIUM 3 MTRS X50 MTRS MICR 200 NEGRO,AGROREDES,500,500.0,0.0,FULL,F. 12-05-2025,2025
BASE FIJADORA 25X25MM C/ADHES NG (X100U),SCHNEIDER E,2,2.0,0.0,FULL,F. 12-05-2025,2025
CERRADURA PRIVE ART. 207,FERRETERIA,2,2.0,0.0,FULL,F. 12-05-2025,2025
ACOPLE RAPIDO DE AIRE COMPLETO DE 1/4,FERRETERIA,2,2.0,0.0,FULL,F. 12-05-2025,2025
"MECHA ESCALONADA CON MEDIDAS EN EL EXTERIOR,  PARA TALADRAR DE 6 A 30",EINHELL,1,1.0,0.0,FULL,F. 12-05-2025,2025
MANIJA PADO - BMW ACQUA STAR RQ2 774I CRA CROMADO SATINADO,FERRETERIA,2,2.0,0.0,FULL,F. 12-05-2025,2025
"PANTALON CARGO FIT ""PAMPERO""  BEIGE T 50",PAMPERO,1,1.0,0.0,FULL,F. 12-05-2025,2025
ZAPATO DAMONT GRIS DESCARNE GAMUZADO T.38,KAMET,1,1.0,0.0,FULL,F. 12-05-2025,2025
ZAPATO DAGER NEGRO PUNTA DE ACERO T.43,KAMET,1,1.0,0.0,FULL,F. 12-05-2025,2025
MECHA / BROCA  A. RAPIDO  A114 6.00MM,DORMER,10,10.0,0.0,FULL,F. 12-05-2025,2025
MECHA / BROCA  A. RAPIDO  A114 8.00MM,DORMER,10,10.0,0.0,FULL,F. 12-05-2025,2025
ALCOHOL 70% X 5 LTS - LUTZER,LUTZER,50,50.0,0.0,FULL,F. 19-04-2025,2025
BIALCOHOL 70% DESINFECCION BIDON X 5 LTS,LUTZER,70,70.0,0.0,FULL,F. 19-04-2025,2025
BALDE PLASTICO 12 LTS. CON PICO,SINA,30,30.0,0.0,FULL,F. 19-04-2025,2025
BIDON LAVANDINA X 5 LT P/PROD.ENVASADO,SINA,300,300.0,0.0,FULL,F. 19-04-2025,2025
BOLSAS 90 X120 CM AMARILLAS 80 MICRONES,FASTER BAGS,500,500.0,0.0,FULL,F. 19-04-2025,2025
BOLSAS 90 X120 CM ROJAS 80 MICRONES,FASTER BAGS,600,600.0,0.0,FULL,F. 19-04-2025,2025
ESCOBILLA BAÑO CON VASO - SUPER,SINA,144,144.0,0.0,FULL,F. 19-04-2025,2025
FRANELA SINA 100% ALGODON 40*50,SINA,500,500.0,0.0,FULL,F. 19-04-2025,2025
LYSOFORM AEROSOL ORIGINAL 360CC,JHONSON,360,360.0,0.0,FULL,F. 19-04-2025,2025
PULVERIZADOR SINA® 1 L APROX. CILINDRICO,SINA,200,200.0,0.0,FULL,F. 19-04-2025,2025
RAID MMM AEROSOL 5EN1 360CC,JHONSON,450,450.0,0.0,FULL,F. 19-04-2025,2025
REJILLA CALIFORNIA 45 X 42 APROX,SINA,400,400.0,0.0,FULL,F. 19-04-2025,2025
SECADOR DE GOMA REFORZADO 40 CM,SINA,50,50.0,0.0,FULL,F. 19-04-2025,2025
TRAPO DE PISO GRIS 48 X 62 APROX,SINA,400,400.0,0.0,FULL,F. 19-04-2025,2025
LAMPAZO MOPA ALGODON PABILO RETORCIDO,SINA,100,100.0,0.0,FULL,F. 19-04-2025,2025
Pala reforzada c- cabo y goma - Sina - 1602000032,GEN21,30,30.0,0.0,FULL,F. 19-04-2025,2025
MR MUSCULO EXT POWER GATILLO 500 CC,JHONSON,12,12.0,0.0,FULL,F. 19-04-2025,2025
BOLSA DE RESIDUOS FGP 45 X 60 - PACK X 30 BOLSAS,FERRETERIA,80,80.0,0.0,FULL,F. 19-04-2025,2025
FLAP PLANO-FIBRA   115MM-G  60,BULONFER,400,400.0,0.0,FULL,F. 19-04-2025,2025
CINTA METRICA EVEL PREMIUMBLOK - AUTOMATICA 5 MTS,EVEL,20,20.0,0.0,FULL,F. 19-04-2025,2025
CINTA METRICA EVEL PREMIUMBLOK - AUTOMATICA 8 MTS,EVEL,20,20.0,0.0,FULL,F. 19-04-2025,2025
FILM STRETCH 0.5X350 VIRGEN,AGROREDES,50,50.0,0.0,FULL,F. 19-04-2025,2025
DIFUSOR Ø 2.4MM WP-17/18/26,FERROLAN,200,200.0,0.0,FULL,F. 19-04-2025,2025
MORDAZA Ø 2.4MM WPM-17/18/26,FERROLAN,200,200.0,0.0,FULL,F. 19-04-2025,2025
POLIETILENO NEGRO PREMIUM 3 MTRS X50 MTRS MICR 200 NEGRO,AGROREDES,1000,1000.0,0.0,FULL,F. 19-04-2025,2025
"ALAMBRE TUBULAR LINCOLN E71T-1C EN 1,2M (X ROLLO DE 15KG)",LINCOLN EQU,50,50.0,0.0,FULL,F. 19-04-2025,2025
"ABRAZADERA IMP. 14-27MM - 1""",FERRETERIA,10,10.0,0.0,FULL,F. 23-01-25,2025
"ABRAZADERA PERFECTO 12MM 23-35 (1.1/4"")",FERRETERIA,10,10.0,0.0,FULL,F. 23-01-25,2025
"ABRAZADERA PERFECTO 9MM 40-60 (2.1/4"")",FERRETERIA,10,10.0,0.0,FULL,F. 23-01-25,2025
"ABRAZADERA PERFECTO 9MM 90-110 (4"")",FERRETERIA,10,10.0,0.0,FULL,F. 23-01-25,2025
"ABRAZADERA PERFECTO 7MM 8-12 (1/2"")",FERRETERIA,30,30.0,0.0,FULL,F. 23-01-25,2025
CARTUCHO SMARTSYNC 105A CORTE MANUAL POR ARRASTRE,HYPERTHERM,15,15.0,0.0,FULL,F. 23-01-25,2025
CHISPERO AUTOGENA ZINCADO,FEROLAN,30,30.0,0.0,FULL,F. 23-01-25,2025
CINTA AISLADORA DOBLE A NEGRO 18 X 10,DOBLE A,60,60.0,0.0,FULL,F. 23-01-25,2025
CINTA METRICA EVEL PREMIUMBLOK - AUTOMATICA 8 MTS,EVEL,15,15.0,0.0,FULL,F. 23-01-25,2025
CINTA METRICA EVEL RETROBLOK - AUTOMATICA 5 MTS,EVEL,15,15.0,0.0,FULL,F. 23-01-25,2025
DIFUSOR Ø 2.4MM WP-17/18/26,FERROLAN,300,300.0,0.0,FULL,F. 23-01-25,2025
MANGUERA INDUSTRIAL (TRASLUCIDO) 12 X 18 MM 50 MTS,TECNOCOM,250,250.0,0.0,FULL,F. 23-01-25,2025
MORDAZA Ø 2.4MM WPM-17/18/26,FERROLAN,200,200.0,0.0,FULL,F. 23-01-25,2025
POLIETILENO NEGRO PREMIUM 3 MTRS X50 MTRS MICR 200 NEGRO,AGROREDES,500,500.0,0.0,FULL,F. 23-01-25,2025
PUNTAS MONTADAS A.1 GRIS,.,100,100.0,0.0,FULL,F. 23-01-25,2025
PUNTAS MONTADAS A.2 GRIS,.,100,100.0,0.0,FULL,F. 23-01-25,2025
PUNTAS MONTADAS A.3 GRIS,.,100,100.0,0.0,FULL,F. 23-01-25,2025
SOPLETE FERROLAN 450,FERROLAN,10,10.0,0.0,FULL,F. 23-01-25,2025
BUSA / BOQUILLA DE CERAMICA Nº 05 10N49,SUMIG,100,100.0,0.0,FULL,F. 23-01-25,2025
BUSA WP/17/18/26 Ø 12.7MM (1/2 # 8,FERROLAN,50,50.0,0.0,FULL,F. 23-01-25,2025
BUSA WP17/18/26 Ø 11MM (7/16 ) # 7,FERROLAN,100,100.0,0.0,FULL,F. 23-01-25,2025
BUSA WP17/18/26 Ø 10MM (3/8 ) # 6,FERROLAN,100,100.0,0.0,FULL,F. 23-01-25,2025
TRAPO STOKINETE 100% ALGODON POR 10KG,TRAPOSLIM,30,30.0,0.0,FULL,F. 23-01-25,2025
"FISCHER - MECHA ACERO RAPIDO HSS DIN 338 F3 9,0 MM",FISCHER,20,20.0,0.0,FULL,F. 23-01-25,2025
"FISCHER - MECHA ACERO RAPIDO HSS DIN 338 F3 10,0 MM",FISCHER,20,20.0,0.0,FULL,F. 23-01-25,2025
"FISCHER - MECHA ACERO RAPIDO HSS DIN 338 F3 11,50 MM",FISCHER,20,20.0,0.0,FULL,F. 23-01-25,2025
MECHA / BROCA A. RAPIDO A114 12.50mm,DORMER,10,10.0,0.0,FULL,F. 23-01-25,2025
MECHA / BROCA A. RAPIDO PUNTA TITANIO A002 12.00MM,DORMER,10,10.0,0.0,FULL,F. 23-01-25,2025
PICOS G1 GLP 16/10 FERROLAN CORTE 50 A 80MM,FERROLAN,15,15.0,0.0,FULL,F. 23-01-25,2025
CEPILLO ACERO 6X19 SIN MANGO 6 HILERAS,FERRETERIA,20,20.0,0.0,FULL,F. 23-01-25,2025
"ELECTRODO KISWELL 7018 - 3,20 MM X KG",KSWELL,4000,4000.0,0.0,FULL,F. 23-01-25,2025
MACHO CAJA ROJA MA 14 X 2.00,BULONFER,2,2.0,0.0,FULL,F. 23-01-25,2025
ABRAZADERA IMP. 14-27MM ,,10,,,,F. 23-01-25,2025
ABRAZADERA IMP. 20-32MM - 3/4,,10,,,,F. 23-01-25,2025
ABRAZADERA IMP. 40-60MM - 3/4,,10,,,,F. 23-01-25,2025
ABRAZADERA IMP. 90-120MM - 3/4,,10,,,,F. 23-01-25,2025
ABRAZADERAS DE 8 A 12” ,,30,,,,F. 23-01-25,2025
CARTUCHO SMARTSYNC 105A CORTE MANUAL POR ARRASTRE (HYPERTHERM),,15,,,,F. 23-01-25,2025
CHISPERO AUTOGENA ZINCADO,,30,,,,F. 23-01-25,2025
CINTA AISLADORA TEMFLEX 165 19MM X 18 MTS NEGRO,,60,,,,F. 23-01-25,2025
CINTA METRICA DOGO 8 MTS,,15,,,,F. 23-01-25,2025
CINTA METRICA EVEL C/FRENO/ENGANCHE 5 MTS,,15,,,,F. 23-01-25,2025
DIFUSOR Ø 2.4MM WP-17/18/26,,300,,,,F. 23-01-25,2025
MANGUERA INDUSTRIAL (TRASLUCIDO) 12 X 18 MM 50 MTS,,5 Rollos,,,,F. 23-01-25,2025
MORDAZA Ø 2.4MM WPM-17/18/26,,200,,,,F. 23-01-25,2025
POLIETILENO NEGRO PREMIUM 3 MTRS X50 MTRS MICR 200 NEGRO,,10,,,,F. 23-01-25,2025
PUNTAS MONTADAS A.1 GRIS,,100,,,,F. 23-01-25,2025
PUNTAS MONTADAS A.2 GRIS,,100,,,,F. 23-01-25,2025
PUNTAS MONTADAS A.3 GRIS,,100,,,,F. 23-01-25,2025
SOPLETE FERROLAN 450,,10,,,,F. 23-01-25,2025
TOBERA CERAMICA GR 5 17/18/26 10N49 TP,,100,,,,F. 23-01-25,2025
TOBERA CERAMICA GR 6 17/18/26 10N48 TP,,100,,,,F. 23-01-25,2025
TOBERA CERAMICA GR 7 17/18/26 10N47 TP,,100,,,,F. 23-01-25,2025
TOBERA CERAMICA GR 8 17/18/26 10N46 TP,,50,,,,F. 23-01-25,2025
TRAPO STOKINETE 100% ALGODÓN POR 10KG,,30 Bolsas,,,,F. 23-01-25,2025
MECHAS A.R. Nº 9,,20,,,,F. 23-01-25,2025
MECHAS A.R. Nº 10,,20,,,,F. 23-01-25,2025
MECHAS A.R. Nº 11,,20,,,,F. 23-01-25,2025
MECHAS A.R. Nº 12,,20,,,,F. 23-01-25,2025
PICO OXICORTE PROPANO 16/10,,15,,,,F. 23-01-25,2025
CEPILLO ACERO MANGO PLASTICO,,20,,,,F. 23-01-25,2025
MACHO MILIMETRICO W 14 x 2,,2,,,,F. 23-01-25,2025
"ELECTRODO CONARCO 18 3,25 MM x 350MM",,4.000 KG,,,,F. 23-01-25,2025
"PATROLL - DISCOS DIAMANTADOS CONTINUO Ø 4.5"" - Ø INTERIOR 22,2 MM",ALIAFOR,5,,5.0,,F. 6-3-2026,2026
"DISCO CONTINUO 7"" - INTERIOR 22,2MM",ALIAFOR,5,,5.0,,F. 6-3-2026,2026
"PATROLL - DISCOS DIAMANTADOS SEGMENTADO Ø 4,5"" - Ø INTERIOR 22,2 MM",ALIAFOR,5,5.0,0.0,FULL,F. 6-3-2026,2026
"DISCO SEGMENTADO 7"" - INTERIOR 22,2MM",ALIAFOR,5,,5.0,,F. 6-3-2026,2026
FPL RIZADO 4 1/2  PULGADAS TUERCA M14 INOX,FPL,300,,300.0,,F. 6-3-2026,2026
ELECTRODO BOHLER 8018-C3 EN 3.2MM,BOHLER,60,,60.0,,F. 6-3-2026,2026
ELECTRODO EASYARC 7018 / 2.60 MM X 350 MM,LINCOLN ELE,1000,470.0,530.0,PARCIAL,F. 6-3-2026,2026
"ELECTRODO KISWELL  7018 -  3,20 MM  X KG",KISWELL,3000,,3000.0,,F. 6-3-2026,2026
"ELECTRODO KISWELL  7018 - 4,00 MM X KG",KISWELL,1000,500.0,500.0,PARCIAL,F. 6-3-2026,2026
"ELECTRODO CONARCO 18 2,50 MM X KG",CONARCO,2000,1200.0,800.0,PARCIAL,F. 6-3-2026,2026
VARILLA LINCOLN® ER80S-NI1 - 3/32 IN (2.4 MM),LINCOLN CON,30,20.0,10.0,PARCIAL,F. 6-3-2026,2026
ACOP 1/4V MACHO/CAB 12.9 MM P/C,FERROLAN,100,15.0,85.0,PARCIAL,F. 6-3-2026,2026
PINZA PORTA ELECT. HELICTOR 600,HELICTOR,30,,30.0,,F. 6-3-2026,2026
PINZA PORTA MASA HELICTOR 600,HELICTOR,30,,30.0,,F. 6-3-2026,2026
TUBO DE CONTACTO M8X30MM DIAM 0.9,FERROLAN,10,,10.0,,F. 6-3-2026,2026
CRISTAL INCOLORO RECTAN.105X50,BULONFER,6000,3000.0,3000.0,PARCIAL,F. 6-3-2026,2026
"DISCO ""FENOBOND"" 178X22   36",DOBLE A - LIJ,3000,3000.0,0.0,FULL,F. 6-3-2026,2026
"DISCO DE CORTE STD FOR INOX 115X1,6MM",BOSCH,3000,3000.0,0.0,FULL,F. 6-3-2026,2026
"DISCO CORTE PLANO BNA 12 177,8X1,6X22,2",NORTON,3000,,3000.0,,F. 6-3-2026,2026
FLAP PLANO-FIBRA   180MM-G  40,BULONFER,500,,500.0,,F. 6-3-2026,2026
BIALCOHOL 70% DESINFECCION BIDON X 5 LTS,PORTA,120,120.0,0.0,FULL,F. 6-3-2026,2026
BUSA WP/17/18/26 Ø 12.7MM (1/2 # 8,FERROLAN,100,,100.0,,F. 6-3-2026,2026
BUSA WP17/18/26 Ø 11MM (7/16 ) # 7,FERROLAN,200,,200.0,,F. 6-3-2026,2026
BUSA WP17/18/26 Ø 10MM (3/8 ) # 6,FERROLAN,200,,200.0,,F. 6-3-2026,2026
POLIETILENO NEGRO PREMIUM 3 X 50 MT  MICR 200 NEGRO,AGROREDES,1500,950.0,550.0,PARCIAL,F. 6-3-2026,2026
FILM STRETCH 50 CM X 350 MT NEGRO,BIOBEN,100,100.0,0.0,FULL,F. 6-3-2026,2026
TENAZA BIASSONI ARMADOR 1/2 CORTE  12,BIASSONI,30,,30.0,,F. 6-3-2026,2026
MARTILLO GARDEX CABO FIBRA 400GR BOLITA,FERRETERIA,20,4.0,16.0,PARCIAL,F. 6-3-2026,2026
MARTILLO GALPONERO - 27 MM - MANGO DE FIBRA,BIASSONI,30,,30.0,,F. 6-3-2026,2026
"KIT DE REPUESTOS 5-6-8-XL-10""  (RESORTE, PERNO, CHAVETA Y ARANDELA)",BARBERO,15,,15.0,,F. 6-3-2026,2026
TORNILLO COMPLETO LAMINADO N° 8,BARBERO,15,,15.0,,F. 6-3-2026,2026
JUEGO MORDAZAS MORSA NRO 8 - XL,BARBERO,15,,15.0,,F. 6-3-2026,2026
TUERCA MORSA N° 5-6-8- XL,BARBERO,15,,15.0,,F. 6-3-2026,2026
SILICONA ACETICA CONSTRUCCION 270ML / 256GR TTE,TEKBOND,12,,12.0,,F. 6-3-2026,2026
CINTA 903 48 X 40,DOBLE A - CIN,1000,,1000.0,,F. 6-3-2026,2026
CINTA TRANSPARENTE C292 48 X 40,DOBLE A - CIN,1000,,1000.0,,F. 6-3-2026,2026
AEROSOL SMART PAINT AA NEGRO BRILLANTE  350ML/250G,DOBLE A - AE,72,,72.0,,F. 6-3-2026,2026
AEROSOL SMART PAINT AA BLANCO MATE 350ML/250G,DOBLE A - AE,72,,72.0,,F. 6-3-2026,2026
AEROSOL SMART PAINT AA ROJO  350 ML/250G,DOBLE A - AE,72,,72.0,,F. 6-3-2026,2026
AEROSOL SMART PAINT AA AMARILLO  350ML/250G,DOBLE A - AE,72,,72.0,,F. 6-3-2026,2026
AEROSOL SMART PAINT AA AZUL  350 ML/250G,DOBLE A - AE,72,,72.0,,F. 6-3-2026,2026
AEROSOL SMART PAINT AA VERDE  350 ML/250G,DOBLE A - AE,72,,72.0,,F. 6-3-2026,2026
RICHI - FICHA DOMIC 2X10A+T MACHO,RICHI,20,20.0,0.0,FULL,F. 6-3-2026,2026
FICHA MOVIL 2P+T 16A 230V IP44,CONEXTUBE,100,,100.0,,F. 6-3-2026,2026
ESTAÑO LINE - ROLLO DE 1.5MTS -40%,FERRETERIA,20,20.0,0.0,FULL,F. 6-3-2026,2026
TRAPO STOKINETE 100% ALGODON POR 10KG,TRAPOSLIMP,50,50.0,0.0,FULL,F. 6-3-2026,2026
"DRIVER LED, DC 32-39V 60W 1400MA, ENTRADA: AC100-240V",DEMASLED,30,1.0,29.0,PARCIAL,F. 6-3-2026,2026
CINTA AISLADORA DOBLE A CELESTE 18 X 10,DOBLE A - CIN,300,25.0,275.0,PARCIAL,F. 6-3-2026,2026
CINTA AISLADORA DOBLE A VERDE 18 X 10,DOBLE A - CIN,300,,300.0,,F. 6-3-2026,2026
CINTA PVC TACSA AISLANTE 20 MT. AMARILLA,FERRETERIA,300,10.0,290.0,PARCIAL,F. 6-3-2026,2026
CANDADO DE BRONCE CR-50 DOBLE TRABA PAPAIZ,PROTEC,15,,15.0,,F. 6-3-2026,2026
HOJA SIERRA SIN-PAR BIMETALICA 24 D,SIN-PAR,200,200.0,0.0,FULL,F. 6-3-2026,2026
"NIVEL DE ALUMINIO - I-BEAN - 12""",BIASSONI,20,,20.0,,F. 6-3-2026,2026
"NIVEL DE ALUMINIO - I-BEAN - 18""",BIASSONI,20,19.0,1.0,PARCIAL,F. 6-3-2026,2026
ESCUADRA CON SOMBRERO BREMEN® 300X200MM DIN 875/1,BREMEN,10,5.0,5.0,PARCIAL,F. 6-3-2026,2026
HILO ENTIZADO (CHOCLA) 30MTS CON 100GS DE TIZA,FERRETERIA,20,20.0,0.0,FULL,F. 6-3-2026,2026
FERRITE COLORANTE ROJO 114 X 1 KG,PIGMENTOS P,5,,5.0,,F. 6-3-2026,2026
FERRITE AZUL X 1KG,DIPROEL,5,5.0,0.0,FULL,F. 6-3-2026,2026
"LIMA BREMEN® REDONDA BASTARDA 12"" C/CABO Y BLISTER",BREMEN,15,13.0,2.0,PARCIAL,F. 6-3-2026,2026
LA GOTITA® PROFESIONAL 10ML,CAMPI,10,10.0,0.0,FULL,F. 6-3-2026,2026
"BROCA ESCALONADA HSS 13 ESCALONES 6-30MM (LARGO COMPLETO 93,5MM)",BOSCH,2,,2.0,,F. 6-3-2026,2026
MECHA / BROCA  A. RAPIDO  A114 4.00MM,DORMER,10,,10.0,,F. 6-3-2026,2026
MECHA / BROCA  A. RAPIDO  A114 6.00MM,DORMER,10,,10.0,,F. 6-3-2026,2026
MECHA / BROCA  A. RAPIDO  A114 8.00MM,DORMER,10,,10.0,,F. 6-3-2026,2026
MECHA / BROCA  A. RAPIDO  A114 10.00MM,DORMER,10,,10.0,,F. 6-3-2026,2026
MECHA / BROCA  A. RAPIDO  A114 12.00MM,DORMER,10,,10.0,,F. 6-3-2026,2026
MANGO PARA PROPANO,ALCARDUPLE,10,10.0,0.0,FULL,F. 6-3-2026,2026
CAÑO ADAP. QUEMADOR 650MM,ALCARDUPLE,10,10.0,0.0,FULL,F. 6-3-2026,2026
QUEMADOR Nº 6 (61MM),ALCARDUPLE,10,10.0,0.0,FULL,F. 6-3-2026,2026
"ALAMBRE TUBULAR LINCOLN E71T-1C EN 1,2M (X ROLLO DE 15KG)",LINCOLN EQU,50,,50.0,,F. 6-3-2026,2026
"ALAMBRE DUAL SHIELD 7100 LH 1,2 MM 16 KG",CONARCO,50,,50.0,,F. 6-3-2026,2026
HANDY BAOFENG VT-C2 X PAR,BAOFENG,1,,1.0,,F. 6-3-2026,2026
CANDADO HIERRO CASTLE 40MM DOBLE TRABA,CASTLE,40,,40.0,,F. 6-3-2026,2026
MANGUERA INDUSTRIAL (TRASLUCIDO) 12 X 15 MM 50 MTS,TECNOCOM,500,,500.0,,F. 6-3-2026,2026
SOGA TRENZADA 10 MM X METRO,NAVEGANTE,500,,500.0,,F. 6-3-2026,2026
SOGA TRENZADA 12 MM X METRO,NAVEGANTE,500,,500.0,,F. 6-3-2026,2026
LLAVE PARA CAÑOS HEAVY DUTY,BAHCO,5,,5.0,,F. 6-3-2026,2026
"LLAVE PARA CAÑOS, LARGO 555 MM, PARA CAÑOS HASTA  2.1/2"", NACIONAL",BAHCO,5,,5.0,,F. 6-3-2026,2026
SET REPUESTOS BIDONES DRIVEN,DRIVEN,20,,20.0,,F. 6-3-2026,2026
BIDON DE COMBUSTIBLE PROFESIONAL 20 LTS (ROJO) BP20-R,DOGO,10,,10.0,,F. 6-3-2026,2026
RUEDA NEUMATICA 3.25 MM BUJES 1/2-5/8-1 CARRETILLA,FERRETERIA,20,,20.0,,F. 6-3-2026,2026
RUEDA MACIZA DE CARRETILLA 380 X 90,MECANOBRA,20,,20.0,,F. 6-3-2026,2026
ESCUADRA CON SOMBRERO BREMEN® 150X100MM DIN 875/1,BREMEN,10,10.0,0.0,FULL,F. 6-3-2026,2026
PILA ENERGIZER MAX  AAA BLX4 E92 MAX,ENERGIZER,100,14.0,86.0,PARCIAL,F. 6-3-2026,2026
SELLADOR MS HIBRIDO BLANCO CARTUCHO 250ML/400GRS,TEKBOND,12,12.0,0.0,FULL,F. 6-3-2026,2026
MECHA / BROCA  A. RAPIDO PUNTA TITANIO A002 16.00MM,DORMER,10,,10.0,,F. 6-3-2026,2026
